<?xml version='1.0' encoding='UTF-8'?>
<!DOCTYPE hibernate-mapping PUBLIC
          "-//Hibernate/Hibernate Mapping DTD 3.0//EN"
          "http://hibernate.sourceforge.net/hibernate-mapping-3.0.dtd">

          <hibernate-mapping>
          <class name="com.pack.model.Customer" table="customer">
                    <id name="custid">
                           <generator class="assigned"></generator>
                    </id>
                    <property name="name" column="cname"></property>                  
                    <property name="address"></property>
                    <property name="age"></property>
                    <property name="salary"></property>
             </class>
          
          </hibernate-mapping>
